DEALERSHIPID,VIN,STOCKNUMBER,YEAR,MAKE,MODEL,TRIM,INVENTORYTYPE,DRIVETYPE,TRANSMISSIONTYPE,ODOMETER,EXTCOLOUR,INTCOLOUR,LISTPRICE,DESCRIPTION,OPTIONS,PHOTOS
285,3N1AB7APXHL687282,EB7282,2017,Nissan,Sentra,S 6MT,Used,FWD,Automatic,145946,Gray,Black,13900,,Anti-lock Brakes / ABS;Child Safety Locks;Cruise Control;Driver Side Airbag;Passenger Front Airbag Off/On;Power Adjustable Pedals;Power Door Locks;Power Windows;Rear Defrost;Remote / Keyless Entry;Steering Wheel Controls;Telescopic Steering Wheel;Tilt Steering Wheel;Traction Control;Trip Computer;Vehicle Stability Management VSM;,"https://dealerpull.blob.core.windows.net/photos-287059/img_133404999914117023.jpg,https://dealerpull.blob.core.windows.net/photos-287059/img_133404999915157682.jpg,https://dealerpull.blob.core.windows.net/photos-287059/img_133404999926341605.jpg,https://dealerpull.blob.core.windows.net/photos-287059/img_133404999916096581.jpg,https://dealerpull.blob.core.windows.net/photos-287059/img_133404999924569764.jpg,https://dealerpull.blob.core.windows.net/photos-287059/img_133404999913073846.jpg,https://dealerpull.blob.core.windows.net/photos-287059/img_133404999911847819.jpg,https://dealerpull.blob.core.windows.net/photos-287059/img_133404999923657255.jpg,https://dealerpull.blob.core.windows.net/photos-287059/img_133404999931320472.jpg,https://dealerpull.blob.core.windows.net/photos-287059/img_133404999925446026.jpg,https://dealerpull.blob.core.windows.net/photos-287059/img_133404999927160724.jpg,https://dealerpull.blob.core.windows.net/photos-287059/img_133404999930438180.jpg"
285,4T1BF1FK4FU934892,EB4892,2015,Toyota,Camry,xle,Used,FWD,Automatic,138223,BLUE,,15900,,Air Conditioning A/C;Alloy / Aluminum Wheels;Anti-lock Brakes / ABS;Assisted Braking;Child Safety Locks;Cruise Control;Daytime Running Lights;Driver Side Airbag;Lumbar Seat Adjustment;Passenger Front Airbag Off/On;Power Door Locks;Power Windows;Rear Defrost;Smart / Active Cornering Headlights;Spoiler;Steering Wheel Controls;Telescopic Steering Wheel;Tilt Steering Wheel;Tilt Steering Wheel;Traction Control;Trip Computer;Vehicle Stability Management VSM,"https://dealerpull.blob.core.windows.net/photos-326318/img_133617616267824482.jpg,https://dealerpull.blob.core.windows.net/photos-326318/img_133617616289169771.jpg,https://dealerpull.blob.core.windows.net/photos-326318/img_133617616268995504.jpg,https://dealerpull.blob.core.windows.net/photos-326318/img_133617616252308542.jpg,https://dealerpull.blob.core.windows.net/photos-326318/img_133617616286480312.jpg,https://dealerpull.blob.core.windows.net/photos-326318/img_133617616287943129.jpg,https://dealerpull.blob.core.windows.net/photos-326318/img_133617616249167043.jpg,https://dealerpull.blob.core.windows.net/photos-326318/img_133617616266722821.jpg,https://dealerpull.blob.core.windows.net/photos-326318/img_133617616248044654.jpg,https://dealerpull.blob.core.windows.net/photos-326318/img_133617616246493689.jpg,https://dealerpull.blob.core.windows.net/photos-326318/img_133617616251210834.jpg,https://dealerpull.blob.core.windows.net/photos-326318/img_133617616270053238.jpg,https://dealerpull.blob.core.windows.net/photos-326318/img_133617616271041330.jpg"
285,JF2SJHDC5FH462400,EB2400,2015,Subaru,Forester,2.0XT Premium,Used,AWD,Automatic,135823,BLACK,,14900,,Air Conditioning A/C;Alloy / Aluminum Wheels;Anti-lock Brakes / ABS;Assisted Braking;AWD;CD Player;Child Safety Locks;Cruise Control;Daytime Running Lights;Driver Side Airbag;Heated Front Seats;Lumbar Seat Adjustment;Passenger Front Airbag Off/On;Power Door Locks;Power Windows;Rear Defrost;Rear Window Wiper;Remote / Keyless Entry;Smart / Active Cornering Headlights;Spoiler;Steering Wheel Controls;Sunroof;Sunroof;Telescopic Steering Wheel;Theft Deterrent/Alarm;Tilt Steering Wheel;Tilt Steering Wheel;Traction Control;Trip Computer;Vehicle Stability Management VSM,"https://dealerpull.blob.core.windows.net/photos-326637/img_133617611491177332.jpg,https://dealerpull.blob.core.windows.net/photos-326637/img_133617611530686749.jpg,https://dealerpull.blob.core.windows.net/photos-326637/img_133617611489091671.jpg,https://dealerpull.blob.core.windows.net/photos-326637/img_133617611492400672.jpg,https://dealerpull.blob.core.windows.net/photos-326637/img_133617611535582787.jpg,https://dealerpull.blob.core.windows.net/photos-326637/img_133617611533359228.jpg,https://dealerpull.blob.core.windows.net/photos-326637/img_133617611509718230.jpg,https://dealerpull.blob.core.windows.net/photos-326637/img_133617611512056755.jpg,https://dealerpull.blob.core.windows.net/photos-326637/img_133617611513608329.jpg,https://dealerpull.blob.core.windows.net/photos-326637/img_133617611534470132.jpg,https://dealerpull.blob.core.windows.net/photos-326637/img_133617611487622097.jpg,https://dealerpull.blob.core.windows.net/photos-326637/img_133617611544649367.jpg,https://dealerpull.blob.core.windows.net/photos-326637/img_133617611508559336.jpg,https://dealerpull.blob.core.windows.net/photos-326637/img_133617611493839108.jpg,https://dealerpull.blob.core.windows.net/photos-326637/img_133617611507467324.jpg"
285,3KPA35AB0JE019407,EB9407,2018,Kia,Rio5,EX,Used,FWD,Automatic,112089,SILVER,,17900,,,"https://dealerpull.blob.core.windows.net/photos-333214/img_133647011896524808.jpg,https://dealerpull.blob.core.windows.net/photos-333214/img_133647011919693019.jpg,https://dealerpull.blob.core.windows.net/photos-333214/img_133647011916614665.jpg,https://dealerpull.blob.core.windows.net/photos-333214/img_133647011924342918.jpg,https://dealerpull.blob.core.windows.net/photos-333214/img_133647011915280188.jpg,https://dealerpull.blob.core.windows.net/photos-333214/img_133647011898537465.jpg,https://dealerpull.blob.core.windows.net/photos-333214/img_133647011899889713.jpg,https://dealerpull.blob.core.windows.net/photos-333214/img_133647011901053713.jpg,https://dealerpull.blob.core.windows.net/photos-333214/img_133647011902054334.jpg,https://dealerpull.blob.core.windows.net/photos-333214/img_133647011917678825.jpg,https://dealerpull.blob.core.windows.net/photos-333214/img_133647011918670309.jpg"
285,1FMCU9HD6JUA25827,EB5827,2018,Ford,Escape,SEL 4WD,Used,4X4,Automatic,150753,GRAY,,17900,,Power Windows;Alloy / Aluminum Wheels;Fog Lights;Lumbar Seat Adjustment;Heated Front Seats;Telescopic Steering Wheel;Cruise Control;Passenger Front Airbag Off/On;Driver Side Airbag;Anti-lock Brakes / ABS;Theft Deterrent/Alarm;Child Safety Locks;,"https://dealerpull.blob.core.windows.net/photos-333222/img_133736836567661185.jpg,https://dealerpull.blob.core.windows.net/photos-333222/img_133736836572210919.jpg,https://dealerpull.blob.core.windows.net/photos-333222/img_133736836638770168.jpg,https://dealerpull.blob.core.windows.net/photos-333222/img_133736836570313042.jpg,https://dealerpull.blob.core.windows.net/photos-333222/img_133736836636921152.jpg,https://dealerpull.blob.core.windows.net/photos-333222/img_133736836635211374.jpg,https://dealerpull.blob.core.windows.net/photos-333222/img_133647009437301917.jpg,https://dealerpull.blob.core.windows.net/photos-333222/img_133647009457424360.jpg,https://dealerpull.blob.core.windows.net/photos-333222/img_133647009439812248.jpg,https://dealerpull.blob.core.windows.net/photos-333222/img_133647009458414572.jpg,https://dealerpull.blob.core.windows.net/photos-333222/img_133647009435806548.jpg,https://dealerpull.blob.core.windows.net/photos-333222/img_133647009455124378.jpg"
285,JM1DKFC72H0154115,EB4115,2017,Mazda,CX-3,Touring AWD,Used,AWD,Automatic,123497,BLACK,,16500,,Alloy / Aluminum Wheels;Anti-lock Brakes / ABS;Child Safety Locks;Cruise Control;Daytime Running Lights;Driver Side Airbag;Heated Front Seats;Passenger Front Airbag Off/On;Power Adjustable Pedals;Power Door Locks;Power Windows;Rear Defrost;Remote / Keyless Entry;Spoiler;Steering Wheel Controls;Telescopic Steering Wheel;Theft Deterrent/Alarm;Tilt Steering Wheel;Traction Control;Trip Computer;Vehicle Stability Management VSM;,"https://dealerpull.blob.core.windows.net/photos-334348/img_133661251469951048.jpg,https://dealerpull.blob.core.windows.net/photos-334348/img_133661251506158715.jpg,https://dealerpull.blob.core.windows.net/photos-334348/img_133661251472196900.jpg,https://dealerpull.blob.core.windows.net/photos-334348/img_133661251503597219.jpg,https://dealerpull.blob.core.windows.net/photos-334348/img_133661251505018529.jpg,https://dealerpull.blob.core.windows.net/photos-334348/img_133661251476181669.jpg,https://dealerpull.blob.core.windows.net/photos-334348/img_133661251475061734.jpg,https://dealerpull.blob.core.windows.net/photos-334348/img_133661251473670753.jpg"
285,KM8K2CAA9KU256480,EB6480,2019,Hyundai,Kona,SEL AWD,Used,AWD,Automatic,79310,WHITE,,23500,,,"https://dealerpull.blob.core.windows.net/photos-335152/img_133661242099988759.jpg,https://dealerpull.blob.core.windows.net/photos-335152/img_133661242101071975.jpg,https://dealerpull.blob.core.windows.net/photos-335152/img_133661242123598746.jpg,https://dealerpull.blob.core.windows.net/photos-335152/img_133661242118496388.jpg,https://dealerpull.blob.core.windows.net/photos-335152/img_133661242097387268.jpg,https://dealerpull.blob.core.windows.net/photos-335152/img_133661242122224081.jpg,https://dealerpull.blob.core.windows.net/photos-335152/img_133661242128287195.jpg,https://dealerpull.blob.core.windows.net/photos-335152/img_133661242095112983.jpg,https://dealerpull.blob.core.windows.net/photos-335152/img_133661242098539364.jpg,https://dealerpull.blob.core.windows.net/photos-335152/img_133661242119908923.jpg,https://dealerpull.blob.core.windows.net/photos-335152/img_133661242121117130.jpg"
285,1C4RJFBG0EC340949,EB0949,2014,Jeep,Grand Cherokee,Limited 4WD,Used,AWD,Automatic,171910,GRAY,,15900,,Air Conditioning A/C;Alloy / Aluminum Wheels;Anti-lock Brakes / ABS;Assisted Braking;AWD;Child Safety Locks;Cruise Control;Daytime Running Lights;Driver Side Airbag;Dual Climate Control;Fog Lights;Heated Front Seats;Heated Steering Wheel;Leather Interior;Lumbar Seat Adjustment;Memory Seats;Passenger Front Airbag Off/On;Power Door Locks;Power Windows;Rear Defrost;Rear Window Wiper;Remote / Keyless Entry;Smart / Active Cornering Headlights;Spoiler;Steering Wheel Controls;Telescopic Steering Wheel;Theft Deterrent/Alarm;Tilt Steering Wheel;Tilt Steering Wheel;Traction Control;Trip Computer;Vehicle Stability Management VSM;,"https://dealerpull.blob.core.windows.net/photos-338500/img_133675274253397381.jpg,https://dealerpull.blob.core.windows.net/photos-338500/img_133675274279711766.jpg,https://dealerpull.blob.core.windows.net/photos-338500/img_133675274309165124.jpg,https://dealerpull.blob.core.windows.net/photos-338500/img_133675274342156686.jpg,https://dealerpull.blob.core.windows.net/photos-338500/img_133675274366981221.jpg,https://dealerpull.blob.core.windows.net/photos-338500/img_133675274419678661.jpg,https://dealerpull.blob.core.windows.net/photos-338500/img_133675274440257369.jpg,https://dealerpull.blob.core.windows.net/photos-338500/img_133675274467282109.jpg,https://dealerpull.blob.core.windows.net/photos-338500/img_133675274492264573.jpg,https://dealerpull.blob.core.windows.net/photos-338500/img_133675274515367254.jpg,https://dealerpull.blob.core.windows.net/photos-338500/img_133675274563360553.jpg"
285,3KPFN5A31JE255881,EB5881,2018,Kia,Forte 5-Door,SX 6M,Used,FWD,Automatic,129560,BLACK,,14900,,Anti-lock Brakes / ABS;Child Safety Locks;Cruise Control;Driver Side Airbag;Fog Lights;Heated Front Seats;Lumbar Seat Adjustment;Passenger Front Airbag Off/On;Power Windows;Telescopic Steering Wheel;,"https://dealerpull.blob.core.windows.net/photos-338511/img_133675271307665344.jpg,https://dealerpull.blob.core.windows.net/photos-338511/img_133675271358851186.jpg,https://dealerpull.blob.core.windows.net/photos-338511/img_133675271401191799.jpg,https://dealerpull.blob.core.windows.net/photos-338511/img_133675271437480006.jpg,https://dealerpull.blob.core.windows.net/photos-338511/img_133675271483764966.jpg,https://dealerpull.blob.core.windows.net/photos-338511/img_133675271628535507.jpg,https://dealerpull.blob.core.windows.net/photos-338511/img_133675271661865593.jpg,https://dealerpull.blob.core.windows.net/photos-338511/img_133675271696581292.jpg,https://dealerpull.blob.core.windows.net/photos-338511/img_133675271734539820.jpg"
285,5NMS2CAD0KH080991,EB0991,2019,Hyundai,Santa Fe,SE 2.4 AWD,Used,AWD,Automatic,135205,Red,,21900,,Power Windows;Telescopic Steering Wheel;Cruise Control;Passenger Front Airbag Off/On;Driver Side Airbag;Anti-lock Brakes / ABS;Theft Deterrent/Alarm;Child Safety Locks;,"https://dealerpull.blob.core.windows.net/photos-343329/img_133695074420038199.jpg,https://dealerpull.blob.core.windows.net/photos-343329/img_133695074472845261.jpg,https://dealerpull.blob.core.windows.net/photos-343329/img_133695074911612114.jpg,https://dealerpull.blob.core.windows.net/photos-343329/img_133695074943501049.jpg,https://dealerpull.blob.core.windows.net/photos-343329/img_133695074613776822.jpg,https://dealerpull.blob.core.windows.net/photos-343329/img_133695074533809550.jpg,https://dealerpull.blob.core.windows.net/photos-343329/img_133695074987505437.jpg,https://dealerpull.blob.core.windows.net/photos-343329/img_133695075030070061.jpg,https://dealerpull.blob.core.windows.net/photos-343329/img_133695075065614874.jpg"
285,1G1PC5SHXC7400156,EB0156,2012,Chevrolet,Cruze,2LS,Used,FWD,Automatic,129296,Gray,,5500,,Child Safety Locks;Power Door Locks;Theft Deterrent/Alarm;Anti-lock Brakes / ABS;Traction Control;Vehicle Stability Management VSM;Driver Side Airbag;Passenger Front Airbag Off/On;Remote / Keyless Entry;Air Conditioning A/C;Tilt Steering Wheel;Tilt Steering Wheel;Telescopic Steering Wheel;Trip Computer;Smart / Active Cornering Headlights;Daytime Running Lights;Power Windows;Rear Defrost;,"https://dealerpull.blob.core.windows.net/photos-345200/img_133717692959894192.jpg,https://dealerpull.blob.core.windows.net/photos-345200/img_133717692944247806.jpg,https://dealerpull.blob.core.windows.net/photos-345200/img_133717692957082087.jpg,https://dealerpull.blob.core.windows.net/photos-345200/img_133717692948039031.jpg,https://dealerpull.blob.core.windows.net/photos-345200/img_133717692946189962.jpg,https://dealerpull.blob.core.windows.net/photos-345200/img_133717692947115163.jpg,https://dealerpull.blob.core.windows.net/photos-345200/img_133717692957984906.jpg,https://dealerpull.blob.core.windows.net/photos-345200/img_133717692945234623.jpg,https://dealerpull.blob.core.windows.net/photos-345200/img_133717692958940453.jpg"
285,1C6SRFLT7KN821651,EB1651,2019,RAM,1500,Rebel Crew Cab SB 4WD,Used,4X4,Automatic,123016,Gray,,39900,,Power Windows;Alloy / Aluminum Wheels;Fog Lights;Lumbar Seat Adjustment;Cruise Control;Passenger Front Airbag Off/On;Driver Side Airbag;Anti-lock Brakes / ABS;Child Safety Locks;,"https://dealerpull.blob.core.windows.net/photos-347148/img_133717652939772223.jpg,https://dealerpull.blob.core.windows.net/photos-347148/img_133717652944926925.jpg,https://dealerpull.blob.core.windows.net/photos-347148/img_133717652941465432.jpg,https://dealerpull.blob.core.windows.net/photos-347148/img_133717652960532477.jpg,https://dealerpull.blob.core.windows.net/photos-347148/img_133717652958603142.jpg,https://dealerpull.blob.core.windows.net/photos-347148/img_133717652972610232.jpg,https://dealerpull.blob.core.windows.net/photos-347148/img_133717652975086799.jpg,https://dealerpull.blob.core.windows.net/photos-347148/img_133717652942653913.jpg,https://dealerpull.blob.core.windows.net/photos-347148/img_133717652943833064.jpg,https://dealerpull.blob.core.windows.net/photos-347148/img_133717652957641637.jpg,https://dealerpull.blob.core.windows.net/photos-347148/img_133717652959529427.jpg,https://dealerpull.blob.core.windows.net/photos-347148/img_133717652961706820.jpg,https://dealerpull.blob.core.windows.net/photos-347148/img_133717652971521763.jpg,https://dealerpull.blob.core.windows.net/photos-347148/img_133717652974144878.jpg"
285,5XYPHDA58GG184665,EB4665,2016,Kia,Sorento,EX V6 AWD,Used,AWD,Automatic,166440,White,,11900,,Child Safety Locks;Theft Deterrent/Alarm;AWD;Anti-lock Brakes / ABS;Assisted Braking;Traction Control;Vehicle Stability Management VSM;Driver Side Airbag;Passenger Front Airbag Off/On;Smart / Active Cornering Headlights;Daytime Running Lights;Fog Lights;Spoiler;Alloy / Aluminum Wheels;Rear Defrost;Rear Window Wiper;,"https://dealerpull.blob.core.windows.net/photos-347612/img_133717668022282315.jpg,https://dealerpull.blob.core.windows.net/photos-347612/img_133717668027925960.jpg,https://dealerpull.blob.core.windows.net/photos-347612/img_133717668024298165.jpg,https://dealerpull.blob.core.windows.net/photos-347612/img_133717668019349579.jpg,https://dealerpull.blob.core.windows.net/photos-347612/img_133717673876879874.jpg,https://dealerpull.blob.core.windows.net/photos-347612/img_133717668036302454.jpg,https://dealerpull.blob.core.windows.net/photos-347612/img_133717668025759562.jpg,https://dealerpull.blob.core.windows.net/photos-347612/img_133717673855502802.jpg,https://dealerpull.blob.core.windows.net/photos-347612/img_133717673857374189.jpg,https://dealerpull.blob.core.windows.net/photos-347612/img_133717673859094809.jpg,https://dealerpull.blob.core.windows.net/photos-347612/img_133717673860867859.jpg,https://dealerpull.blob.core.windows.net/photos-347612/img_133717673863449759.jpg,https://dealerpull.blob.core.windows.net/photos-347612/img_133717673875558602.jpg,https://dealerpull.blob.core.windows.net/photos-347612/img_133717673878595737.jpg"
285,1G4PP5SK9G4121677,EB1677,2016,Buick,Verano,Base,Used,FWD,Automatic,139321,Gray,,11900,,Air Conditioning A/C;Alloy / Aluminum Wheels;Anti-lock Brakes / ABS;Assisted Braking;Child Safety Locks;Cruise Control;Daytime Running Lights;Driver Side Airbag;Dual Climate Control;Nav / Navigation Package;Passenger Front Airbag Off/On;Power Windows;Rear Defrost;Remote / Keyless Entry;Smart / Active Cornering Headlights;Steering Wheel Controls;Telescopic Steering Wheel;Theft Deterrent/Alarm;Tilt Steering Wheel;Traction Control;Trip Computer;Vehicle Stability Management VSM;,"https://dealerpull.blob.core.windows.net/photos-349915/img_133732403641347956.jpg,https://dealerpull.blob.core.windows.net/photos-349915/img_133732403617613956.jpg,https://dealerpull.blob.core.windows.net/photos-349915/img_133732403646554744.jpg,https://dealerpull.blob.core.windows.net/photos-349915/img_133732403643987046.jpg,https://dealerpull.blob.core.windows.net/photos-349915/img_133732403648906133.jpg,https://dealerpull.blob.core.windows.net/photos-349915/img_133732403615579866.jpg,https://dealerpull.blob.core.windows.net/photos-349915/img_133732403610685336.jpg,https://dealerpull.blob.core.windows.net/photos-349915/img_133732403613270520.jpg,https://dealerpull.blob.core.windows.net/photos-349915/img_133732403619573975.jpg"
285,2HKRW2H25KH145595,EB5595,2019,Honda,CR-V,LX AWD,Used,AWD,Automatic,146536,Gray,,22900,,Anti-lock Brakes / ABS;Child Safety Locks;Cruise Control;Driver Side Airbag;Passenger Front Airbag Off/On;Power Windows;Telescopic Steering Wheel;,"https://dealerpull.blob.core.windows.net/photos-350379/img_133732410802194554.jpg,https://dealerpull.blob.core.windows.net/photos-350379/img_133732410835982045.jpg,https://dealerpull.blob.core.windows.net/photos-350379/img_133732412321413187.jpg,https://dealerpull.blob.core.windows.net/photos-350379/img_133732412319085196.jpg,https://dealerpull.blob.core.windows.net/photos-350379/img_133732410805684017.jpg,https://dealerpull.blob.core.windows.net/photos-350379/img_133732410841788634.jpg,https://dealerpull.blob.core.windows.net/photos-350379/img_133732410806945007.jpg,https://dealerpull.blob.core.windows.net/photos-350379/img_133732410808333050.jpg,https://dealerpull.blob.core.windows.net/photos-350379/img_133732410840358159.jpg,https://dealerpull.blob.core.windows.net/photos-350379/img_133732410842964585.jpg,https://dealerpull.blob.core.windows.net/photos-350379/img_133732410855368982.jpg,https://dealerpull.blob.core.windows.net/photos-350379/img_133732410809760537.jpg,https://dealerpull.blob.core.windows.net/photos-350379/img_133732410858893839.jpg,https://dealerpull.blob.core.windows.net/photos-350379/img_133732410838591795.jpg"
285,KM8J2CA41KU943166,EB3155,2019,Hyundai,Tucson,SE AWD,Used,AWD,Automatic,64419,Gray,,23500,,Anti-lock Brakes / ABS;Child Safety Locks;Cruise Control;Driver Side Airbag;Passenger Front Airbag Off/On;Power Windows;Telescopic Steering Wheel;Theft Deterrent/Alarm;,"https://dealerpull.blob.core.windows.net/photos-351330/img_133732402440398790.jpg,https://dealerpull.blob.core.windows.net/photos-351330/img_133732402391718023.jpg,https://dealerpull.blob.core.windows.net/photos-351330/img_133732402394670228.jpg,https://dealerpull.blob.core.windows.net/photos-351330/img_133732402397229616.jpg,https://dealerpull.blob.core.windows.net/photos-351330/img_133732402441888164.jpg,https://dealerpull.blob.core.windows.net/photos-351330/img_133732402396052575.jpg,https://dealerpull.blob.core.windows.net/photos-351330/img_133732402443034573.jpg,https://dealerpull.blob.core.windows.net/photos-351330/img_133732402393610628.jpg,https://dealerpull.blob.core.windows.net/photos-351330/img_133732402444234627.jpg"
285,2C4RDGBG0GR225825,EB5825,2016,Dodge,Grand Caravan,SE,Used,FWD,Automatic,103512,Gray,,16900,,Air Conditioning A/C;Anti-lock Brakes / ABS;Assisted Braking;Child Safety Locks;Cruise Control;Daytime Running Lights;Driver Side Airbag;Dual Climate Control;Passenger Front Airbag Off/On;Power Windows;Rear Defrost;Rear Window Wiper;Remote / Keyless Entry;Smart / Active Cornering Headlights;Steering Wheel Controls;Telescopic Steering Wheel;Tilt Steering Wheel;Tilt Steering Wheel;Traction Control;Trip Computer;Vehicle Stability Management VSM;,"https://dealerpull.blob.core.windows.net/photos-351336/img_133732398456385447.jpg,https://dealerpull.blob.core.windows.net/photos-351336/img_133732398499709225.jpg,https://dealerpull.blob.core.windows.net/photos-351336/img_133732398494572706.jpg,https://dealerpull.blob.core.windows.net/photos-351336/img_133732398496554461.jpg,https://dealerpull.blob.core.windows.net/photos-351336/img_133732398490000066.jpg,https://dealerpull.blob.core.windows.net/photos-351336/img_133732398460100657.jpg,https://dealerpull.blob.core.windows.net/photos-351336/img_133732398535224367.jpg,https://dealerpull.blob.core.windows.net/photos-351336/img_133732398453842112.jpg,https://dealerpull.blob.core.windows.net/photos-351336/img_133732398458544941.jpg,https://dealerpull.blob.core.windows.net/photos-351336/img_133732398461713821.jpg,https://dealerpull.blob.core.windows.net/photos-351336/img_133732398492126179.jpg,https://dealerpull.blob.core.windows.net/photos-351336/img_133732398529808602.jpg,https://dealerpull.blob.core.windows.net/photos-351336/img_133732398532211682.jpg,https://dealerpull.blob.core.windows.net/photos-351336/img_133732398536891612.jpg"
285,5J8TB4H75JL804540,EB4540,2018,Acura,RDX,6-Spd AT AWD w/Advance Package,Used,AWD,Automatic,157766,Black,,,,Power Windows;Fog Lights;Lumbar Seat Adjustment;Heated Front Seats;Telescopic Steering Wheel;Cruise Control;Passenger Front Airbag Off/On;Driver Side Airbag;Anti-lock Brakes / ABS;Theft Deterrent/Alarm;Child Safety Locks;,"https://dealerpull.blob.core.windows.net/photos-353520/img_133741794125506436.jpg,https://dealerpull.blob.core.windows.net/photos-353520/img_133741793984048117.jpg,https://dealerpull.blob.core.windows.net/photos-353520/img_133741794117962416.jpg,https://dealerpull.blob.core.windows.net/photos-353520/img_133741793976863818.jpg,https://dealerpull.blob.core.windows.net/photos-353520/img_133741793986699655.jpg,https://dealerpull.blob.core.windows.net/photos-353520/img_133741794113846680.jpg,https://dealerpull.blob.core.windows.net/photos-353520/img_133741793973017805.jpg,https://dealerpull.blob.core.windows.net/photos-353520/img_133741793980515375.jpg"
285,3N1CP5CU0KL503668,EB3668,2019,Nissan,Kicks,S,Used,FWD,Automatic,79413,WHITE,,18900,,,"https://dealerpull.blob.core.windows.net/photos-325611/img_133617605518443066.jpg,https://dealerpull.blob.core.windows.net/photos-325611/img_133617605553899013.jpg,https://dealerpull.blob.core.windows.net/photos-325611/img_133617605539577268.jpg,https://dealerpull.blob.core.windows.net/photos-325611/img_133617605538423855.jpg,https://dealerpull.blob.core.windows.net/photos-325611/img_133617605521080748.jpg,https://dealerpull.blob.core.windows.net/photos-325611/img_133617605556434108.jpg,https://dealerpull.blob.core.windows.net/photos-325611/img_133617605519885762.jpg,https://dealerpull.blob.core.windows.net/photos-325611/img_133617605522230205.jpg,https://dealerpull.blob.core.windows.net/photos-325611/img_133617605523170753.jpg,https://dealerpull.blob.core.windows.net/photos-325611/img_133617605536463649.jpg,https://dealerpull.blob.core.windows.net/photos-325611/img_133617605552929814.jpg,https://dealerpull.blob.core.windows.net/photos-325611/img_133617605560444353.jpg"
285,3CZRU6H35JM103775,EB3775,2018,Honda,HR-V,LX 4WD CVT,Used,4X4,Automatic,151773,white,,18900,,Power Windows;Telescopic Steering Wheel;Cruise Control;Passenger Front Airbag Off/On;Driver Side Airbag;Anti-lock Brakes / ABS;Theft Deterrent/Alarm;Child Safety Locks;,"https://dealerpull.blob.core.windows.net/photos-330267/img_133633997026926879.jpg,https://dealerpull.blob.core.windows.net/photos-330267/img_133633997035475128.jpg,https://dealerpull.blob.core.windows.net/photos-330267/img_133633997033895466.jpg,https://dealerpull.blob.core.windows.net/photos-330267/img_133633997061262499.jpg,https://dealerpull.blob.core.windows.net/photos-330267/img_133633997031897545.jpg,https://dealerpull.blob.core.windows.net/photos-330267/img_133633997065136057.jpg,https://dealerpull.blob.core.windows.net/photos-330267/img_133633997066812372.jpg,https://dealerpull.blob.core.windows.net/photos-330267/img_133633997030202220.jpg,https://dealerpull.blob.core.windows.net/photos-330267/img_133633997068475492.jpg,https://dealerpull.blob.core.windows.net/photos-330267/img_133633997069815187.jpg,https://dealerpull.blob.core.windows.net/photos-330267/img_133633997079633621.jpg,https://dealerpull.blob.core.windows.net/photos-330267/img_133633997081353082.jpg"
285,3MZBN1T78HM145592,EB5592,2017,Mazda,MAZDA3,SV MT 4-Door,Used,FWD,Automatic,122114,BLACK,BLACK,15490,,,"https://dealerpull.blob.core.windows.net/photos-330833/img_133637412892220265.jpg,https://dealerpull.blob.core.windows.net/photos-330833/img_133637412860594832.jpg,https://dealerpull.blob.core.windows.net/photos-330833/img_133637412861803001.jpg,https://dealerpull.blob.core.windows.net/photos-330833/img_133637412862889070.jpg,https://dealerpull.blob.core.windows.net/photos-330833/img_133637412874877076.jpg,https://dealerpull.blob.core.windows.net/photos-330833/img_133637412894522522.jpg,https://dealerpull.blob.core.windows.net/photos-330833/img_133637412877294564.jpg,https://dealerpull.blob.core.windows.net/photos-330833/img_133637412878491681.jpg,https://dealerpull.blob.core.windows.net/photos-330833/img_133637412893433252.jpg,https://dealerpull.blob.core.windows.net/photos-330833/img_133637412895736560.jpg,https://dealerpull.blob.core.windows.net/photos-330833/img_133637412858407470.jpg,https://dealerpull.blob.core.windows.net/photos-330833/img_133637412859396998.jpg,https://dealerpull.blob.core.windows.net/photos-330833/img_133637412876247879.jpg,https://dealerpull.blob.core.windows.net/photos-330833/img_133637412879575315.jpg,https://dealerpull.blob.core.windows.net/photos-330833/img_133637412896772490.jpg"
285,2T3B1RFV4KW023082,EB3082,2019,Toyota,RAV4,LE,Used,FWD,Automatic,146610,GRAY,,24900,,Anti-lock Brakes / ABS;Child Safety Locks;Cruise Control;Driver Side Airbag;Passenger Front Airbag Off/On;Power Windows;Telescopic Steering Wheel;,"https://dealerpull.blob.core.windows.net/photos-333227/img_133646997493465477.jpg,https://dealerpull.blob.core.windows.net/photos-333227/img_133646997502513932.jpg,https://dealerpull.blob.core.windows.net/photos-333227/img_133646997474028350.jpg,https://dealerpull.blob.core.windows.net/photos-333227/img_133646997471183773.jpg,https://dealerpull.blob.core.windows.net/photos-333227/img_133646997472771232.jpg,https://dealerpull.blob.core.windows.net/photos-333227/img_133646997494702156.jpg,https://dealerpull.blob.core.windows.net/photos-333227/img_133646997475422238.jpg,https://dealerpull.blob.core.windows.net/photos-333227/img_133646997489634269.jpg,https://dealerpull.blob.core.windows.net/photos-333227/img_133646997504559157.jpg,https://dealerpull.blob.core.windows.net/photos-333227/img_133646997476485094.jpg,https://dealerpull.blob.core.windows.net/photos-333227/img_133646997491175264.jpg,https://dealerpull.blob.core.windows.net/photos-333227/img_133646997492405808.jpg,https://dealerpull.blob.core.windows.net/photos-333227/img_133646997503551263.jpg"
285,3N1AB7AP4HY320882,EB0882,2017,Nissan,Sentra,SV,Used,FWD,Transmission Type,143175,BLUE,,10490,,Anti-lock Brakes / ABS;Child Safety Locks;Cruise Control;Driver Side Airbag;Passenger Front Airbag Off/On;Power Adjustable Pedals;Power Door Locks;Power Windows;Rear Defrost;Remote / Keyless Entry;Steering Wheel Controls;Telescopic Steering Wheel;Tilt Steering Wheel;Traction Control;Trip Computer;Vehicle Stability Management VSM;,"https://dealerpull.blob.core.windows.net/photos-334337/img_133661334624117670.jpg,https://dealerpull.blob.core.windows.net/photos-334337/img_133661334626597388.jpg,https://dealerpull.blob.core.windows.net/photos-334337/img_133661334627820156.jpg,https://dealerpull.blob.core.windows.net/photos-334337/img_133661334628946923.jpg,https://dealerpull.blob.core.windows.net/photos-334337/img_133661334630114219.jpg,https://dealerpull.blob.core.windows.net/photos-334337/img_133661334653946241.jpg,https://dealerpull.blob.core.windows.net/photos-334337/img_133661334655238184.jpg,https://dealerpull.blob.core.windows.net/photos-334337/img_133661334656927918.jpg"
285,1G1BE5SM4G7323470,82,2016,Chevrolet,Cruze,LT Auto,Used,FWD,Automatic,126160,Black,,11900,,,"https://dealerpull.blob.core.windows.net/photos-334567/img_133661345297064470.jpg,https://dealerpull.blob.core.windows.net/photos-334567/img_133661345298963892.jpg,https://dealerpull.blob.core.windows.net/photos-334567/img_133661345300422457.jpg,https://dealerpull.blob.core.windows.net/photos-334567/img_133661345301947333.jpg,https://dealerpull.blob.core.windows.net/photos-334567/img_133661345303898576.jpg,https://dealerpull.blob.core.windows.net/photos-334567/img_133661345320041451.jpg,https://dealerpull.blob.core.windows.net/photos-334567/img_133661345321644474.jpg,https://dealerpull.blob.core.windows.net/photos-334567/img_133661345323489050.jpg,https://dealerpull.blob.core.windows.net/photos-334567/img_133661345324745904.jpg,https://dealerpull.blob.core.windows.net/photos-334567/img_133661345326757959.jpg,https://dealerpull.blob.core.windows.net/photos-334567/img_133661345333554529.jpg,https://dealerpull.blob.core.windows.net/photos-334567/img_133661345335247997.jpg"
285,5XYZUDLB3GG322345,EB2345,2016,Hyundai,Santa Fe,Sport 2.4 AWD,Used,AWD,Automatic,81678,Grey,,19900,,Alloy / Aluminum Wheels;Anti-lock Brakes / ABS;Assisted Braking;Child Safety Locks;Daytime Running Lights;Driver Side Airbag;Dual Power Seats;Passenger Front Airbag Off/On;Rear Defrost;Rear Window Wiper;Spoiler;Theft Deterrent/Alarm;Traction Control;Vehicle Stability Management VSM;,"https://dealerpull.blob.core.windows.net/photos-338805/img_133675281631833644.jpg,https://dealerpull.blob.core.windows.net/photos-338805/img_133675280985587764.jpg,https://dealerpull.blob.core.windows.net/photos-338805/img_133675281076737875.jpg,https://dealerpull.blob.core.windows.net/photos-338805/img_133675281112442421.jpg,https://dealerpull.blob.core.windows.net/photos-338805/img_133675281153028285.jpg,https://dealerpull.blob.core.windows.net/photos-338805/img_133675281198330720.jpg,https://dealerpull.blob.core.windows.net/photos-338805/img_133675281230219667.jpg,https://dealerpull.blob.core.windows.net/photos-338805/img_133675281263528736.jpg,https://dealerpull.blob.core.windows.net/photos-338805/img_133675281305894601.jpg,https://dealerpull.blob.core.windows.net/photos-338805/img_133675281581916872.jpg"
285,2C4RDGEG1HR606029,EB29,2017,Dodge,Grand Caravan,GT,Used,FWD,Automatic,173684,Black,,16500,,Air Conditioning A/C;Alloy / Aluminum Wheels;Anti-lock Brakes / ABS;Child Safety Locks;Cruise Control;Daytime Running Lights;Driver Side Airbag;Dual Climate Control;Fog Lights;Heated Front Seats;Lumbar Seat Adjustment;Passenger Front Airbag Off/On;Power Adjustable Pedals;Power Door Locks;Power Windows;Rear Defrost;Remote / Keyless Entry;Steering Wheel Controls;Telescopic Steering Wheel;Theft Deterrent/Alarm;Tilt Steering Wheel;Traction Control;Trip Computer;Vehicle Stability Management VSM;,"https://dealerpull.blob.core.windows.net/photos-342719/img_133695061696488043.jpg,https://dealerpull.blob.core.windows.net/photos-342719/img_133695061941821259.jpg,https://dealerpull.blob.core.windows.net/photos-342719/img_133695061912930612.jpg,https://dealerpull.blob.core.windows.net/photos-342719/img_133695061735830047.jpg,https://dealerpull.blob.core.windows.net/photos-342719/img_133695061765968827.jpg,https://dealerpull.blob.core.windows.net/photos-342719/img_133695061799967452.jpg,https://dealerpull.blob.core.windows.net/photos-342719/img_133695061829674336.jpg,https://dealerpull.blob.core.windows.net/photos-342719/img_133695061857986896.jpg,https://dealerpull.blob.core.windows.net/photos-342719/img_133695061886662184.jpg,https://dealerpull.blob.core.windows.net/photos-342719/img_133695061966569190.jpg"
285,5N1AT2MM6HC765708,EB5708,2017,Nissan,Rogue,S AWD,Used,AWD,Automatic,100742,Gray,,21900,,Alloy / Aluminum Wheels;Anti-lock Brakes / ABS;Child Safety Locks;Cruise Control;Daytime Running Lights;Driver Side Airbag;Passenger Front Airbag Off/On;Power Adjustable Pedals;Power Door Locks;Rear Defrost;Remote / Keyless Entry;Spoiler;Steering Wheel Controls;Telescopic Steering Wheel;Theft Deterrent/Alarm;Tilt Steering Wheel;Traction Control;Trip Computer;Vehicle Stability Management VSM;,"https://dealerpull.blob.core.windows.net/photos-343135/img_133693508836439446.jpg,https://dealerpull.blob.core.windows.net/photos-343135/img_133693508928838662.jpg,https://dealerpull.blob.core.windows.net/photos-343135/img_133693508977122595.jpg,https://dealerpull.blob.core.windows.net/photos-343135/img_133693509047317382.jpg,https://dealerpull.blob.core.windows.net/photos-343135/img_133693509072249873.jpg,https://dealerpull.blob.core.windows.net/photos-343135/img_133693509127838968.jpg,https://dealerpull.blob.core.windows.net/photos-343135/img_133693509162546892.jpg,https://dealerpull.blob.core.windows.net/photos-343135/img_133693509190196749.jpg,https://dealerpull.blob.core.windows.net/photos-343135/img_133693509215748322.jpg"
285,KL8CD6SAXGC604926,EB4926,2016,Chevrolet,Spark,1LT CVT,Used,FWD,Automatic,109990,Gray,,10900,,Alloy / Aluminum Wheels;Anti-lock Brakes / ABS;Child Safety Locks;Cruise Control;Daytime Running Lights;Driver Side Airbag;Fog Lights;Nav / Navigation Package;Passenger Front Airbag Off/On;Power Door Locks;Power Windows;Rear Defrost;Remote / Keyless Entry;Spoiler;Steering Wheel Controls;Theft Deterrent/Alarm;Tilt Steering Wheel;Traction Control;Trip Computer;Vehicle Stability Management VSM;,"https://dealerpull.blob.core.windows.net/photos-343142/img_133695071137078175.jpg,https://dealerpull.blob.core.windows.net/photos-343142/img_133695070865226527.jpg,https://dealerpull.blob.core.windows.net/photos-343142/img_133695070924071832.jpg,https://dealerpull.blob.core.windows.net/photos-343142/img_133695070954283508.jpg,https://dealerpull.blob.core.windows.net/photos-343142/img_133695071297354566.jpg,https://dealerpull.blob.core.windows.net/photos-343142/img_133695071325253634.jpg,https://dealerpull.blob.core.windows.net/photos-343142/img_133695071382036305.jpg,https://dealerpull.blob.core.windows.net/photos-343142/img_133695071425735605.jpg,https://dealerpull.blob.core.windows.net/photos-343142/img_133695071481956005.jpg"
285,1FMCU0GX7FUC15800,TRD28,2015,Ford,Escape,SE FWD,Used,OTHER,Automatic,144250,Black ,,12500,,,"https://dealerpull.blob.core.windows.net/photos-324097/img_133617617521100550.jpg,https://dealerpull.blob.core.windows.net/photos-324097/img_133617617490722561.jpg,https://dealerpull.blob.core.windows.net/photos-324097/img_133617617491850259.jpg,https://dealerpull.blob.core.windows.net/photos-324097/img_133617617522505055.jpg,https://dealerpull.blob.core.windows.net/photos-324097/img_133617617489552289.jpg,https://dealerpull.blob.core.windows.net/photos-324097/img_133617617518602901.jpg,https://dealerpull.blob.core.windows.net/photos-324097/img_133617617488356989.jpg,https://dealerpull.blob.core.windows.net/photos-324097/img_133617617487257519.jpg,https://dealerpull.blob.core.windows.net/photos-324097/img_133617617517598164.jpg,https://dealerpull.blob.core.windows.net/photos-324097/img_133617617526139678.jpg"
285,3FA6P0D91DR333169,TRD38,2013,Ford,Fusion,Titanium AWD,Used,OTHER,Transmission Type,165820,red,,13500,,,"https://dealerpull.blob.core.windows.net/photos-346365/img_133736823848015065.jpg,https://dealerpull.blob.core.windows.net/photos-346365/img_133736823884558183.jpg,https://dealerpull.blob.core.windows.net/photos-346365/img_133736823886047133.jpg,https://dealerpull.blob.core.windows.net/photos-346365/img_133736823881905275.jpg,https://dealerpull.blob.core.windows.net/photos-346365/img_133736823901874050.jpg,https://dealerpull.blob.core.windows.net/photos-346365/img_133736823855990100.jpg,https://dealerpull.blob.core.windows.net/photos-346365/img_133736823850652765.jpg,https://dealerpull.blob.core.windows.net/photos-346365/img_133736823852915200.jpg,https://dealerpull.blob.core.windows.net/photos-346365/img_133736823887532875.jpg,https://dealerpull.blob.core.windows.net/photos-346365/img_133736823854461048.jpg,https://dealerpull.blob.core.windows.net/photos-346365/img_133736823889348202.jpg"
285,KNDJN2A22F7195861,TRD40,2015,Kia,Soul,Base,Used,OTHER,Transmission Type,105000,Brown ,,10900,,,"https://dealerpull.blob.core.windows.net/photos-348276/img_133732405366127512.jpg,https://dealerpull.blob.core.windows.net/photos-348276/img_133732405340996949.jpg,https://dealerpull.blob.core.windows.net/photos-348276/img_133732405342609917.jpg,https://dealerpull.blob.core.windows.net/photos-348276/img_133732405372488955.jpg,https://dealerpull.blob.core.windows.net/photos-348276/img_133732405368401521.jpg,https://dealerpull.blob.core.windows.net/photos-348276/img_133732405337443649.jpg,https://dealerpull.blob.core.windows.net/photos-348276/img_133732405369559254.jpg,https://dealerpull.blob.core.windows.net/photos-348276/img_133732405344398280.jpg,https://dealerpull.blob.core.windows.net/photos-348276/img_133732405339857028.jpg,https://dealerpull.blob.core.windows.net/photos-348276/img_133732405370953992.jpg"
285,3G1TX55E19L118920,TRD42,2009,Chevrolet,Aveo,LT,Used,OTHER,Transmission Type,132549,Blue ,,,,,